id,code,name,note,user_type:id,chart_template_id:id,reconcile
account_template_1,1,ATIVO, ,account.data_account_type_current_assets,l10n_br_account_chart_template
account_template_101,1.01,CIRCULANTE, ,account.data_account_type_current_assets,l10n_br_account_chart_template
account_template_10101,1.01.01,DISPONIBILIDADES, ,account.data_account_type_current_assets,l10n_br_account_chart_template
account_template_101010100,1.01.01.01.00,Caixa,"Contas que registram valores em dinheiro e em cheques em caixa, recebidos e ainda não depositados, pagáveis irrestrita e imediatamente.",account.data_account_type_liquidity,l10n_br_account_chart_template
account_template_101010200,1.01.01.02.00,Bancos,"Contas que registram disponibilidades, mantidas em instituições financeiras, não classificáveis em outras contas deste plano referencial.",account.data_account_type_liquidity,l10n_br_account_chart_template
account_template_101010300,1.01.01.03.00,Recursos no Exterior Decorrentes de Exportação,"Contas que registram movimentação de recursos em instituições financeiras no exterior, nos termos do art. 1o. da Lei no 11.371/2006.",account.data_account_type_current_assets,l10n_br_account_chart_template
account_template_101010400,1.01.01.04.00,Contas Bancárias – Subvenções,"Contas que registram disponibilidades, nas instituições imunes ou isentas, de recursos de aplicações vinculadas ao objeto das subvenções, mantidas em instituições financeiras.",account.data_account_type_current_assets,l10n_br_account_chart_template
account_template_101010500,1.01.01.05.00,Contas Bancárias – Doações,"Contas que registram disponibilidades, nas instituições imunes ou isentas, de recursos de aplicações vinculadas ao objeto das doações, mantidas em instituições financeiras.",account.data_account_type_current_assets,l10n_br_account_chart_template
account_template_101010600,1.01.01.06.00,Contas Bancárias – Outros Recursos Sujeitos a Restrições,"Contas que registram disponibilidades, nas instituições imunes ou isentas, de outros recursos sujeitos a restrições, mantidas em instituições financeiras.",account.data_account_type_current_assets,l10n_br_account_chart_template
account_template_101010701,1.01.01.07.01,Valores Mobiliários - Mercado de Capitais Interno,"Contas que registram as aplicações no mercado de capitais do Brasil, de recursos de livre movimentação, cujo vencimento ou resgate venha a ocorrer no curso do ano-calendário subseqüente.",account.data_account_type_current_assets,l10n_br_account_chart_template
account_template_101010702,1.01.01.07.02,Valores Mobiliários - Mercado de Capitais Externo,"Contas que registram as aplicações no mercado de capitais do exterior, de recursos de livre movimentação, cujo vencimento ou resgate venha a ocorrer no curso do ano-calendário subseqüente.",account.data_account_type_current_assets,l10n_br_account_chart_template
account_template_101010800,1.01.01.08.00,Valores Mobiliários – Aplicações de Subvenções  ,"Contas que correspondem, nas instituições imunes ou isentas, às aplicações financeiras de recursos oriundos de subvenções.",account.data_account_type_current_assets,l10n_br_account_chart_template
account_template_101010900,1.01.01.09.00,Valores Mobiliários – Aplicações de Doações,"Contas que correspondem, nas instituições imunes ou isentas, às aplicações financeiras de recursos oriundos de doações.",account.data_account_type_current_assets,l10n_br_account_chart_template
account_template_101011000,1.01.01.10.00,Valores Mobiliários – Aplicações de Outros Recursos Sujeitos a Restrições,"Contas que correspondem, nas instituições imunes ou isentas, às aplicações financeiras de outros recursos sujeitos a restrições.",account.data_account_type_current_assets,l10n_br_account_chart_template
account_template_101011100,1.01.01.11.00,Outras, ,account.data_account_type_current_assets,l10n_br_account_chart_template
account_template_10103,1.01.03,ESTOQUES, ,account.data_account_type_current_assets,l10n_br_account_chart_template
account_template_101030101,1.01.03.01.01,Mercadorias para Revenda,"Contas que registram o valor do saldo das contas de estoques de mercadorias para revenda, na data de apuração dos resultados. Observar, quanto aos estoques, as orientações contidas na Instrução Normativa SRF no 51, de 1978, e no PN CST no 6, de 1979. ",account.data_account_type_current_assets,l10n_br_account_chart_template
account_template_101030102,1.01.03.01.02,Insumos (materiais diretos),"Contas que registram o valor do saldo das contas de estoques de matérias primas e materiais diretos, na data de apuração dos resultados. Observar, quanto aos estoques, as orientações contidas na Instrução Normativa SRF no 51, de 1978, e no PN CST no 6, de 1979. ",account.data_account_type_current_assets,l10n_br_account_chart_template
account_template_101030103,1.01.03.01.03,Produtos em Elaboração,"Contas que registram o valor do saldo das contas de estoques de produtos em elaboração, na data de apuração dos resultados. Observar, quanto aos estoques, as orientações contidas na Instrução Normativa SRF no 51, de 1978, e no PN CST no 6, de 1979. ",account.data_account_type_current_assets,l10n_br_account_chart_template
account_template_101030104,1.01.03.01.04,Produtos Acabados,"Contas que registram o valor do saldo das contas de estoques de produtos acabados, na data de apuração dos resultados. Observar, quanto aos estoques, as orientações contidas na Instrução Normativa SRF no 51, de 1978, e no PN CST no 6, de 1979. ",account.data_account_type_current_assets,l10n_br_account_chart_template
account_template_101030105,1.01.03.01.05,Serviços em andamento,"Contas que registram o valor do saldo das contas de serviços em andamento, na data de apuração dos resultados. Observar, quanto aos estoques, as orientações contidas na Instrução Normativa SRF no 51, de 1978, e no PN CST no 6, de 1979. ",account.data_account_type_current_assets,l10n_br_account_chart_template
account_template_101030106,1.01.03.01.06,Insumos Agropecuários,"Contas que registram, nas empresas com atividade rural, o valor do saldo das contas de insumos agropecuários, na data de apuração dos resultados.",account.data_account_type_current_assets,l10n_br_account_chart_template
account_template_101030107,1.01.03.01.07,Produtos Agropecuários em Formação,"Contas que registram, nas empresas com atividade rural, o valor do saldo das contas de produtos agropecuários em formação, na data de apuração dos resultados.",account.data_account_type_current_assets,l10n_br_account_chart_template
account_template_101030108,1.01.03.01.08,Produtos Agropecuários Acabados,"Contas que registra, nas empresas com atividade rural, o valor do saldo das contas de estoques de produtos agropecuários acabados, na data de apuração do resultado.",account.data_account_type_current_assets,l10n_br_account_chart_template
account_template_101030200,1.01.03.02.00,Imóveis Destinados à Venda,Contas utilizadas pela pessoa jurídica que exerce atividade imobiliária para indicar o estoque de imóveis destinados à venda existente na data da apuração dos resultados. Atenção: as construções em andamento de imóveis destinados à venda devem ser incluídas na conta Construções em Andamento de Imóveis Destinados à Venda,account.data_account_type_current_assets,l10n_br_account_chart_template
account_template_101030201,1.01.03.02.01,Construções em Andamento de Imóveis Destinados à Venda,Contas utilizadas pela pessoa jurídica que exerce atividade imobiliária para indicar os imóveis em construção para futura comercialização,account.data_account_type_current_assets,l10n_br_account_chart_template
account_template_101030300,1.01.03.03.00,Estoques Destinados à Doação,"Contas que registram, nas instituições imunes ou isentas, estoques destinados à doação.",account.data_account_type_current_assets,l10n_br_account_chart_template
account_template_101030400,1.01.03.04.00,Outras, ,account.data_account_type_current_assets,l10n_br_account_chart_template
account_template_10105,1.01.05,CRÉDITOS, ,account.data_account_type_current_assets,l10n_br_account_chart_template
account_template_101050100,1.01.05.01.00,Adiantamentos a Fornecedores ,Contas que registram aos adiantamentos feitos a fornecedores de matérias-primas ou mercadorias para revenda.,account.data_account_type_current_assets,l10n_br_account_chart_template
account_template_101050200,1.01.05.02.00,Clientes,Contas que registram as contas a receber com vencimento até o final do ano-calendário subseqüente.,account.data_account_type_receivable,l10n_br_account_chart_template,True
account_template_101050300,1.01.05.03.00,Créditos Fiscais CSLL – Diferenças Temporárias e Base de Cálculo Negativa,"As companhias abertas, obrigatoriamente, devem informar, nestas contas, o valor dos créditos fiscais com realização no exercício seguinte e das diferenças temporárias, inclusive as decorrentes da base de cálculo negativa, relativos à CSLL, conforme Deliberação CVM no 273, de 20 de agosto de 1998.",account.data_account_type_current_assets,l10n_br_account_chart_template
account_template_101050400,1.01.05.04.00,Créditos Fiscais IRPJ – Diferenças Temporárias e Prejuízos Fiscais,"As companhias abertas, obrigatoriamente, devem informar, nestas contas, o valor dos créditos fiscais com realização no exercício seguinte e das diferenças temporárias, inclusive as decorrentes dos prejuízos fiscais, relativos ao IRPJ, conforme Deliberação CVM nº 273, de 20 de agosto de 1998.",account.data_account_type_current_assets,l10n_br_account_chart_template
account_template_101050501,1.01.05.05.01,Imposto de Renda a Recuperar,Contas correspondentes ao Imposto de REnda a recuperar no final do período de apuração.,account.data_account_type_current_assets,l10n_br_account_chart_template
account_template_101050502,1.01.05.05.02,IPI a Recuperar,Contas correspondentes ao IPI a recuperar no final do período de apuração.,account.data_account_type_current_assets,l10n_br_account_chart_template
account_template_101050503,1.01.05.05.03,PIS e COFINS a Recuperar,Contas correspondentes ao PIS e à Cofins a recuperar no final do período de apuração.,account.data_account_type_current_assets,l10n_br_account_chart_template
account_template_101050504,1.01.05.05.04,CSLL a Recuperar,Contas correspondentes  à CSLL a recuperar no final do período de apuração.,account.data_account_type_current_assets,l10n_br_account_chart_template
account_template_101050505,1.01.05.05.05,ICMS e Contribuições a Recuperar,Contas correspondentes ao ICMS a recuperar no final do período de apuração.,account.data_account_type_current_assets,l10n_br_account_chart_template
account_template_101050506,1.01.05.05.06,Tributos Municipais a Recuperar,Contas correspondentes a tributos municipais a recuperar no final do período de apuração.,account.data_account_type_current_assets,l10n_br_account_chart_template
account_template_101050590,1.01.05.05.90,Outros Impostos e Contribuições a Recuperar,Contas correspondentes a outros impostos a recuperar no final do período de apuração.,account.data_account_type_current_assets,l10n_br_account_chart_template
account_template_101050600,1.01.05.06.00,Créditos por Contribuições e Doações,"Contas que registram, nas instituições imunes ou isentas, créditos por contribuições ou doações.",account.data_account_type_current_assets,l10n_br_account_chart_template
account_template_101050700,1.01.05.07.00,Outras, ,account.data_account_type_current_assets,l10n_br_account_chart_template
account_template_10107,1.01.07,DESPESAS DO EXERCÍCIO SEGUINTE, ,account.data_account_type_current_assets,l10n_br_account_chart_template
account_template_101070100,1.01.07.01.00,Despesas do Exercício Seguinte,"Contas correspondentes a pagamentos antecipados, cujos benefícios ou prestação de serviços à pessoa jurídica ocorrerão durante o exercício seguinte. São valores relativos a despesas que efetivamente pertencem ao exercício seguinte.",account.data_account_type_current_assets,l10n_br_account_chart_template
account_template_101070200,1.01.07.02.00,Outras Contas,"Incluir, dentre outras, a soma das contas/subcontas do Circulante que registram, dentre outras, a correção monetária relativa à diferença, em relação ao ano de 1990, entre o IPC e o BTN Fiscal, na forma estabelecida nos arts. 32 e 33 do Decreto no 332, de 1991.",account.data_account_type_current_assets,l10n_br_account_chart_template
account_template_10109,1.01.09,CONTAS RETIFICADORAS, ,account.data_account_type_current_assets,l10n_br_account_chart_template
account_template_101090101,1.01.09.01.01,(-) Duplicatas Descontadas,"Contas que registram parcelas a serem subtraídas do circulante, correspondentes a valores das duplicatas descontadas que retificam este grupo",account.data_account_type_current_assets,l10n_br_account_chart_template
account_template_101090103,1.01.09.01.03,(-) Provisões para Créditos de Liquidação Duvidosa,"Contas que registram parcelas a serem subtraídas do circulante, correspondentes a valores das provisões para créditos de liquidação duvidosa que retificam este grupo.",account.data_account_type_current_assets,l10n_br_account_chart_template
account_template_101090105,1.01.09.01.05,(-) Provisão para Ajuste do Estoque ao Valor de Mercado,"Contas que registram parcelas a serem subtraídas do circulante, correspondentes a valores das provisões para ajuste do estoque ao valor de mercado que retificam este grupo.",account.data_account_type_current_assets,l10n_br_account_chart_template
account_template_101090107,1.01.09.01.07,(-) Provisões para Ajuste ao Valor Provável de Realização,"Contas que registram parcelas a serem subtraídas do circulante, correspondentes a valores das provisões para ajuste do estoque ao valor provável de realização que retificam este grupo.",account.data_account_type_current_assets,l10n_br_account_chart_template
account_template_101090190,1.01.09.01.90,(-) Outras Contas Retificadoras,Contas que registram parcelas a serem subtraídas do circulante que não possam ser classificadas nos itens precedentes.,account.data_account_type_current_assets,l10n_br_account_chart_template
account_template_107,1.07,NÃO CIRCULANTE,,account.data_account_type_current_assets,l10n_br_account_chart_template
account_template_10700,1.07.00,REALIZÁVEL A LONGO PRAZO , ,account.data_account_type_current_assets,l10n_br_account_chart_template
account_template_107000100,1.07.00.01.00,Clientes,"Contas que registram os créditos a receber de terceiros, relativos a eventuais contas de clientes, títulos a receber, adiantamentos, etc., com prazo de recebimento posterior ao exercício seguinte à data do balanço.",account.data_account_type_receivable,l10n_br_account_chart_template,True
account_template_107000200,1.07.00.02.00,Créditos com Pessoas Ligadas (Físicas/Jurídicas),"Contas correspondentes a vendas, adiantamentos ou empréstimos a sociedades coligadas ou controladas, diretores, acionistas ou participantes da empresa, que não constituam negócios usuais na exploração do objeto social da pessoa jurídica.",account.data_account_type_current_assets,l10n_br_account_chart_template
account_template_107000300,1.07.00.03.00,Valores Mobiliários,"Contas correspondentes às aplicações em títulos com vencimento posterior ao exercício seguinte, e investimentos em outras sociedades que não tenham caráter permanente, inclusive os feitos com incentivos fiscais.",account.data_account_type_current_assets,l10n_br_account_chart_template
account_template_107000400,1.07.00.04.00,Depósitos Judiciais,"Contas que registram aos depósitos judiciais efetuados, a qualquer título, pendentes de decisão.",account.data_account_type_current_assets,l10n_br_account_chart_template
account_template_107000500,1.07.00.05.00,Créditos Fiscais CSLL – Diferenças Temporárias e Base de Cálculo Negativa,"As companhias abertas, obrigatoriamente, devem informar, nestas contas, o valor dos créditos fiscais com realização após o exercício seguinte e das diferenças temporárias, inclusive as decorrentes da base de cálculo negativa, relativos à CSLL, conforme Deliberação CVM no 273, de 1998.",account.data_account_type_current_assets,l10n_br_account_chart_template
account_template_107000600,1.07.00.06.00,Créditos Fiscais IRPJ – Diferenças Temporárias e Prejuízos Fiscais,"As companhias abertas, obrigatoriamente, devem informar, nestas contas, o valor dos créditos fiscais com realização após o exercício seguinte e das diferenças temporárias, inclusive as decorrentes dos prejuízos fiscais, relativos ao IRPJ, conforme Deliberação CVM no 273, de 1998.",account.data_account_type_current_assets,l10n_br_account_chart_template
account_template_107000700,1.07.00.07.00,Créditos por Contribuições e Doações,"Contas que registram, nas instituições imunes ou isentas, créditos por contribuições ou doações com vencimento após final do exercício subseqüente.",account.data_account_type_current_assets,l10n_br_account_chart_template
account_template_107000800,1.07.00.08.00,Outras Contas,"Contas que registram, entre outras, a soma das contas/subcontas do Realizável a Longo Prazo que registram a correção monetária relativa à diferença, em relação ao ano de 1990, entre o IPC e o BTN Fiscal, na forma estabelecida nos arts. 32 e 33 do Decreto no 332, de 1991.",account.data_account_type_current_assets,l10n_br_account_chart_template
account_template_107009000,1.07.00.90.00,(-) Duplicatas Descontadas,"Contas que registram parcelas a serem subtraídas do circulante, correspondentes a valores das duplicatas descontadas que retificam este grupo",account.data_account_type_current_assets,l10n_br_account_chart_template
account_template_107009300,1.07.00.93.00,(-) Provisões para Créditos de Liquidação Duvidosa,"Contas que registram parcelas a serem subtraídas do circulante, correspondentes a valores das provisões para créditos de liquidação duvidosa que retificam este grupo.",account.data_account_type_current_assets,l10n_br_account_chart_template
account_template_107009500,1.07.00.95.00,(-) Provisões para Ajuste ao Valor Provável de Realização,"Contas que registram parcelas a serem subtraídas do circulante, correspondentes a valores das provisões para ajuste do estoque ao valor provável de realização que retificam este grupo.",account.data_account_type_current_assets,l10n_br_account_chart_template
account_template_107009700,1.07.00.97.00,(-) Outras Contas Retificadoras,Contas que registram parcelas a serem subtraídas do Realizável a Longo Prazo que não possam ser classificadas nos itens precedentes.,account.data_account_type_current_assets,l10n_br_account_chart_template
account_template_10701,1.07.01,INVESTIMENTOS,,account.data_account_type_current_assets,l10n_br_account_chart_template
account_template_107010100,1.07.01.01.00,Participações Permanentes em Coligadas ou Controladas,"Contas que registram investimentos permanentes, na forma de participação em outras sociedades coligadas e/ou controladas, ainda que se trate de investimento não relevante.",account.data_account_type_current_assets,l10n_br_account_chart_template
account_template_107010200,1.07.01.02.00,Investimentos Decorrentes de Incentivos Fiscais,"Contas que registram os investimentos decorrentes de incentivos fiscais representados por ações novas da Embraer ou de empresas nacionais de informática ou por participação direta decorrente da troca do CI – Certificado de Investimento por ações pertencentes às carteiras de Fundos (Finor, Finam e Fiset). Inclui-se a aquisição de quotas representativas de direitos de comercialização sobre produção de obras audiovisuais cinematográficas brasileiras de produção independente, com projetos  previamente aprovados pelo Ministério da Cultura, realizada no mercado de capitais, em ativos previstos em lei e autorizados pela Comissão de Valores Mobiliários (CVM).",account.data_account_type_current_assets,l10n_br_account_chart_template
account_template_107010300,1.07.01.03.00,Outros Investimentos,"Contas correspondentes aos direitos de qualquer natureza que não se destinem à manutenção da atividade da companhia ou da empresa e que não se classifiquem no ativo circulante ou realizável a longo prazo, tais como: o imóvel não utilizado na exploração ou na manutenção das atividades da empresa e que não se destine à revenda, e os recursos florestais destinados à proteção do solo ou à preservação da natureza, entre outros.",account.data_account_type_current_assets,l10n_br_account_chart_template
account_template_107010400,1.07.01.04.00,Ágios em Investimentos,"Contas correspondentes ao ágio por diferença de valor de mercado dos bens, por valor de rentabilidade futura, por fundo de comércio, intangíveis, ou outras razões econômicas.",account.data_account_type_current_assets,l10n_br_account_chart_template
account_template_107010500,1.07.01.05.00,Correção Monetária - Diferença IPC/BTNF (Lei no 8.200/1991),"Contas/subcontas dos investimentos que registram a correção monetária relativa à diferença, em relação ao ano de 1990, entre o IPC e o BTN Fiscal, na forma estabelecida nos arts. 32 e 33 do Decreto no 332, de 1991.",account.data_account_type_current_assets,l10n_br_account_chart_template
account_template_107010600,1.07.01.06.00,Correção Monetária Especial (Lei no 8.200/1991),"Contas/subcontas dos investimentos que registram a correção monetária especial, na forma do art. 44 do Decreto no 332, de 1991.",account.data_account_type_current_assets,l10n_br_account_chart_template
account_template_107010700,1.07.01.07.00,(-) Deságios e Provisão para Perdas Prováveis em Investimentos,"Contas que registram:a) o deságio por diferença de valor de mercado dos bens, por valor de rentabilidade futura e por fundo de comércio, intangíveis, ou outras razões econômicas;b) o valor correspondente à provisão para perdas em investimentos registrados pelo método de custo e à provisão para perdas em investimentos avaliados pelo método da equivalência patrimonial, sendo que, neste último caso, deve ser informado somente o valor das perdas efetivas ou potenciais já previstas, mas não reconhecidas contabilmente pela coligada ou controlada.",account.data_account_type_current_assets,l10n_br_account_chart_template
account_template_107019000,1.07.01.90.00,Outras Contas,Contas que registram bens e direitos classificáveis em Investimentos que não possam ser classificadas nos itens precedentes.,account.data_account_type_current_assets,l10n_br_account_chart_template
account_template_107019700,1.07.01.97.00,(-) Outras Contas Retificadoras,Contas que registram parcelas a serem subtraídas de Investimentos que não possam ser classificadas nos itens precedentes.,account.data_account_type_current_assets,l10n_br_account_chart_template
account_template_10704,1.07.04,IMOBILIZADO, ,account.data_account_type_current_assets,l10n_br_account_chart_template
account_template_107040100,1.07.04.01.00,Terrenos,"Contas que registram os terrenos de propriedade da pessoa jurídica utilizados nas operações, ou seja, onde se localizam a fábrica, os depósitos, os escritórios, as filiais, as lojas, etc., inclusive os decorrentes de operações que transfiram à companhia os benefícios, riscos e controle desses bens 
Atenção: o valor do terreno onde está em construção uma nova unidade que ainda não esteja em operação também deve ser informado nesta conta.",account.data_account_type_current_assets,l10n_br_account_chart_template
account_template_107040200,1.07.04.02.00,Edifícios e Construções,"Contas que registram os edifícios, melhoramentos e obras integradas aos terrenos, e os serviços e instalações provisórias, necessários à construção e ao andamento das obras, tais como: limpeza do terreno, serviços topográficos, sondagens de reconhecimento, terraplenagem, e outras similares, inclusive os decorrentes de operações que transfiram à companhia os benefícios, riscos e controle desses bens 
Atenção: As construções em andamento devem ser informadas na conta  Construções em Andamento.",account.data_account_type_current_assets,l10n_br_account_chart_template
account_template_107040201,1.07.04.02.01, Construções em Andamento,"Contas que registram as construções em andamento de edifícios, melhoramentos e obras integradas aos terrenos, e os serviços e instalações provisórias, necessários à construção e ao andamento das obras, tais como: limpeza do terreno, serviços topográficos, sondagens de reconhecimento, terraplenagem, e outras similares, inclusive os decorrentes de operações que transfiram à companhia os benefícios, riscos e controle desses bens",account.data_account_type_current_assets,l10n_br_account_chart_template
account_template_107040300,1.07.04.03.00,"Equipamentos, Máquinas e Instalações Industriais","Contas que registram os equipamentos, máquinas e instalações industriais utilizados no processo de produção da pessoa jurídica, inclusive os decorrentes de operações que transfiram à companhia os benefícios, riscos e controle desses bens",account.data_account_type_current_assets,l10n_br_account_chart_template
account_template_107040400,1.07.04.04.00,Veículos,"Contas que registram os veículos de propriedade da pessoa jurídica. inclusive os decorrentes de operações que transfiram à companhia os benefícios, riscos e controle desses bens
Atenção: Os veículos de uso direto na produção, como empilhadeiras e similares, devem ser informados na conta Equipamentos, Máquinas e Instalações Industriais.",account.data_account_type_current_assets,l10n_br_account_chart_template
account_template_107040401,1.07.04.04.01,Embarcações,"Contas que registram as embarcações de propriedade da pessoa jurídica., inclusive os decorrentes de operações que transfiram à companhia os benefícios, riscos e controle desses bens",account.data_account_type_current_assets,l10n_br_account_chart_template
account_template_107040402,1.07.04.04.02,Aeronaves,"Contas que registram as aeronaves de propriedade da pessoa jurídica., inclusive os decorrentes de operações que transfiram à companhia os benefícios, riscos e controle desses bens",account.data_account_type_current_assets,l10n_br_account_chart_template
account_template_107040500,1.07.04.05.00,"Móveis, Utensílios e Instalações Comerciais","Contas que registram os móveis, utensílios e instalações comerciais., inclusive os decorrentes de operações que transfiram à companhia os benefícios, riscos e controle desses bens",account.data_account_type_current_assets,l10n_br_account_chart_template
account_template_107040600,1.07.04.06.00,Recursos Minerais,"Contas que registram os direitos de exploração de jazidas de minério, de pedras preciosas, e similares, inclusive os decorrentes de operações que transfiram à companhia os benefícios, riscos e controle desses bens",account.data_account_type_current_assets,l10n_br_account_chart_template
account_template_107040700,1.07.04.07.00,Florestamento e Reflorestamento,"Contas que registram os recursos florestais destinados à exploração dos respectivos frutos e ao corte para comercialização, consumo ou industrialização, inclusive os decorrentes de operações que transfiram à companhia os benefícios, riscos e controle desses bens",account.data_account_type_current_assets,l10n_br_account_chart_template
account_template_107040800,1.07.04.08.00,Direitos Contratuais de Exploração de Florestas,"Contas que registram os direitos contratuais de exploração de florestas com prazo de exploração superior a dois anos., inclusive os decorrentes de operações que transfiram à companhia os benefícios, riscos e controle desses bens",account.data_account_type_current_assets,l10n_br_account_chart_template
account_template_107040900,1.07.04.09.00,Outras Imobilizações,"Contas que registram outras imobilizações, tais como: benfeitorias em propriedades arrendadas que se incorporam ao imóvel arrendado e revertem ao proprietário do imóvel ao final da locação, adiantamentos para inversões fixas, reprodutores, matrizes e as culturas permanentes da atividade rural, e similares, inclusive os decorrentes de operações que transfiram à companhia os benefícios, riscos e controle desses bens",account.data_account_type_current_assets,l10n_br_account_chart_template
account_template_107041000,1.07.04.10.00,Correção Monetária - Diferença IPC/BTNF (Lei no 8.200/1991),"Contas/subcontas do imobilizado que registram a correção monetária relativa à diferença, em relação ao ano de 1990, entre o IPC e o BTN Fiscal, na forma estabelecida nos arts. 32 e 33 do Decreto no 332, de 1991.",account.data_account_type_current_assets,l10n_br_account_chart_template
account_template_107041100,1.07.04.11.00,Correção Monetária Especial (Lei no 8.200/1991),"Contas/subcontas do imobilizado que registram a correção monetária especial na forma do art. 44 do Decreto no 332, de 1991.",account.data_account_type_current_assets,l10n_br_account_chart_template
account_template_107041200,1.07.04.12.00,"(-) Depreciações, Amortizações e Quotas de Exaustão","Contas que registram as depreciações, amortizações e quotas de exaustão das contas do imobilizado.",account.data_account_type_current_assets,l10n_br_account_chart_template
account_template_107049000,1.07.04.90.00,(-) Outras Contas Redutoras do Imobilizado,"Outras contas redutoras do Imobilizado, inclusive a provisão para perda decorrente da análise de  recuperação (art. 183, §3º, da Lei 6.404/76) ",account.data_account_type_current_assets,l10n_br_account_chart_template
account_template_10705,1.07.05,INTANGÍVEL, ,account.data_account_type_current_assets,l10n_br_account_chart_template
account_template_107050100,1.07.05.01.00,Concessões,Contas que registram os custos com aquisição de concessões,account.data_account_type_current_assets,l10n_br_account_chart_template
account_template_107050300,1.07.05.03.00,Marcas e Patentes,Contas que registram os custos com aquisição de marcas e patentes,account.data_account_type_current_assets,l10n_br_account_chart_template
account_template_107050500,1.07.05.05.00,Direitos Autorais,Contas que registram os custos com aquisição de direitos autorais,account.data_account_type_current_assets,l10n_br_account_chart_template
account_template_107050700,1.07.05.07.00,Fundo de Comércio,Contas que registram os custos com aquisição de fundos de comércio,account.data_account_type_current_assets,l10n_br_account_chart_template
account_template_107050900,1.07.05.09.00,Software ou Programas de Computador,Contas que registram os custos com aquisição/desenvolvimento de programas de computador,account.data_account_type_current_assets,l10n_br_account_chart_template
account_template_107051100,1.07.05.11.00,Franquias,Contas que registram os custos com aquisição de franquias,account.data_account_type_current_assets,l10n_br_account_chart_template
account_template_107051300,1.07.05.13.00,Desenvolvimento de Produtos,Contas que registram os custos com o desenvolvimento de novos produtos,account.data_account_type_current_assets,l10n_br_account_chart_template
account_template_107051500,1.07.05.15.00,Outras,Contas que registram os custos com aquisição de outros itens classificáveis no intangível,account.data_account_type_current_assets,l10n_br_account_chart_template
account_template_107059000,1.07.05.90.00,(-) Amortização do Intangível,Contas correspondentes à amortização das contas do ativo intangível,account.data_account_type_current_assets,l10n_br_account_chart_template
account_template_107059700,1.07.05.97.00,(-) Outras Contas Redutoras do Intangível,"Outras contas redutoras o intangível, inclusive a provisão para perda decorrente da análise de  recuperação (art. 183, §3º, da Lei 6.404/76) ",account.data_account_type_current_assets,l10n_br_account_chart_template
account_template_10707,1.07.07,DIFERIDO, ,account.data_account_type_current_assets,l10n_br_account_chart_template
account_template_107070100,1.07.07.01.00,Despesas Pré-Operacionais ou Pré-Industriais,"Contas que registram os gastos de organização e administração, encargos financeiros líquidos, estudos, projetos e detalhamentos, juros a acionista na fase de implantação e gastos preliminares de operação. O saldo existente em 31 de dezembro de 2008 no ativo diferido que, pela sua natureza, não puder ser alocado a outro grupo de contas, poderá permanecer no ativo sob essa classificação até sua completa amortização, sujeito à análise sobre a recuperação",account.data_account_type_current_assets,l10n_br_account_chart_template
account_template_107070200,1.07.07.02.00,Despesas com Pesquisas Científicas ou Tecnológicas,"Contas que registram os gastos com pesquisa científica ou tecnológica. O saldo existente em 31 de dezembro de 2008 no ativo diferido que, pela sua natureza, não puder ser alocado a outro grupo de contas, poderá permanecer no ativo sob essa classificação até sua completa amortização, sujeito à análise sobre a recuperação",account.data_account_type_current_assets,l10n_br_account_chart_template
account_template_107070300,1.07.07.03.00,Demais Aplicações em Despesas Amortizáveis,"Contas que registram os gastos com pesquisas e desenvolvimento de produtos, com a implantação de sistemas e métodos e com reorganização. O saldo existente em 31 de dezembro de 2008 no ativo diferido que, pela sua natureza, não puder ser alocado a outro grupo de contas, poderá permanecer no ativo sob essa classificação até sua completa amortização, sujeito à análise sobre a recuperação",account.data_account_type_current_assets,l10n_br_account_chart_template
account_template_107070400,1.07.07.04.00,Correção Monetária - Diferença IPC/BTNF (Lei no 8.200/1991),"Contas/subcontas do ativo diferido que registram a correção monetária relativa à diferença, em relação ao ano de 1990, entre o IPC e o BTN Fiscal, na forma estabelecida nos arts. 32 e 33 do Decreto no 332, de 1991.",account.data_account_type_current_assets,l10n_br_account_chart_template
account_template_107070500,1.07.07.05.00,Correção Monetária Especial (Lei no 8.200/1991),"Contas/subcontas do ativo diferido que registram a correção monetária especial, na forma do art. 44 do Decreto no 332, de 1991.",account.data_account_type_current_assets,l10n_br_account_chart_template
account_template_107070600,1.07.07.06.00,(-) Amortização do Diferido,Contas correspondentes à amortização das contas do ativo diferido.,account.data_account_type_current_assets,l10n_br_account_chart_template
account_template_2,2,PASSIVO, ,account.data_account_type_current_liabilities,l10n_br_account_chart_template
account_template_201,2.01,CIRCULANTE, ,account.data_account_type_current_liabilities,l10n_br_account_chart_template
account_template_20101,2.01.01,OBRIGAÇÕES DE CURTO PRAZO, ,account.data_account_type_current_liabilities,l10n_br_account_chart_template
account_template_201010100,2.01.01.01.00,Fornecedores,"Contas que registram o valor a pagar correspondentes à compra de matérias-primas, bens, insumos e mercadorias.(Podem ser informados, também, os adiantamentos de clientes efetuados até 31.12.2008)",account.data_account_type_payable,l10n_br_account_chart_template,True
account_template_201010101,2.01.01.01.01,Adiantamentos de Clientes,Contas que registram o valor correspondente a adiantamentos de clientes.,account.data_account_type_current_liabilities,l10n_br_account_chart_template
account_template_201010201,2.01.01.02.01,Financiamentos a Curto Prazo - Sistema Financeiro Nacional,"Contas que registram os credores por financiamentos  a curto prazo, obtidos junto ao Sistema Financeiro Nacional, encargos financeiros a transcorrer e juros a pagar de empréstimos e financiamentos.  Atenção: as obrigações resultantes de operações de Arrendamento Mercantil (Leasing Financeiro) devem ser informadas na conta Financiamentos a Curto Prazo – Outros. ",account.data_account_type_current_liabilities,l10n_br_account_chart_template
account_template_201010202,2.01.01.02.02,Arrendamento Mercantil (Financeiro) a Curto Prazo - Sistema Financeiro Nacional,Contas que registram as obrigações de curto prazo relativas a arrendamento mercantil financeiro contratado junto a empresas integrantes do Sistema Financeiro Nacional,account.data_account_type_current_liabilities,l10n_br_account_chart_template
account_template_201010203,2.01.01.02.03,Financiamentos a Curto Prazo - Outros,"Contas que registram os credores por financiamentos a curto prazo, obtidos no Brasil, encargos financeiros a transcorrer e juros a pagar de empréstimos e financiamentos.  Atenção: as obrigações resultantes de financiamentos obtidos com pessoas físicas ou outras empresas que não sejam instituições financeiras devem ser informadas nesta conta .",account.data_account_type_current_liabilities,l10n_br_account_chart_template
account_template_201010204,2.01.01.02.04,Financiamentos a Curto Prazo - Exterior,"Contas que registram os credores por financiamentos a curto prazo, obtidos no exterior, encargos financeiros a transcorrer e juros a pagar de empréstimos e financiamentos.  Atenção: as obrigações resultantes de operações de Arrendamento Mercantil (Leasing Financeiro) contratadas no exterior devem ser informadas na conta Arrendamento Mercantil (Financeiro) a Curto Prazo – Exterior",account.data_account_type_current_liabilities,l10n_br_account_chart_template
account_template_201010205,2.01.01.02.05,Arrendamento Mercantil (Financeiro) a Curto Prazo - Exterior,Contas que registram as obrigações das pessoas jurídicas relativas a arrendamento mercantil financeiro contratado junto a empresas não sediadas no Brasil,account.data_account_type_current_liabilities,l10n_br_account_chart_template
account_template_201010301,2.01.01.03.01,IPI a Recolher,Contas correspondentes ao IPI a Recolher no final do período de apuração.,account.data_account_type_current_liabilities,l10n_br_account_chart_template
account_template_201010302,2.01.01.03.02,ICMS e Contribuições a Recolher,Contas correspondentes ao ICMS a Recolher no final do período de apuração.,account.data_account_type_current_liabilities,l10n_br_account_chart_template
account_template_201010303,2.01.01.03.03,Tributos Municipais a Recolher,Contas correspondentes a tributos municipais a Recolher no final do período de apuração.,account.data_account_type_current_liabilities,l10n_br_account_chart_template
account_template_201010400,2.01.01.04.00,FGTS a Recolher,Contas que registram o valor do FGTS a recolher,account.data_account_type_current_liabilities,l10n_br_account_chart_template
account_template_201010500,2.01.01.05.00,PIS e COFINS a Recolher,Contas que registram o valor do PIS e da COFINS a recolher,account.data_account_type_current_liabilities,l10n_br_account_chart_template
account_template_201010600,2.01.01.06.00,Contribuições Previdenciárias a Recolher,Contas que registram  o valor das Contribuições Previdenciárias a recolher,account.data_account_type_current_liabilities,l10n_br_account_chart_template
account_template_201010690,2.01.01.06.90,Outros tributos a recolher,Contas correspondentes a tributos a recolher não classificáveis em contas específicas.,account.data_account_type_current_liabilities,l10n_br_account_chart_template
account_template_201010700,2.01.01.07.00,Salários a Pagar,"Contas que registram o valor correspondente aos salários, ordenados, horas extras, adicionais e prêmios a serem pagos no exercício subseqüente.",account.data_account_type_current_liabilities,l10n_br_account_chart_template
account_template_201010800,2.01.01.08.00,Dividendos Propostos ou Lucros Creditados,"Contas correspondentes aos dividendos aprovados pela Assembléia, creditados aos acionistas ou propostos pela administração da pessoa jurídica na data do balanço, como parte da destinação proposta para os lucros.",account.data_account_type_current_liabilities,l10n_br_account_chart_template
account_template_201010900,2.01.01.09.00,Provisão para a Contribuição Social sobre o Lucro Líquido,Conta correspondente à provisão para a contribuição social sobre o lucro líquido a pagar.,account.data_account_type_current_liabilities,l10n_br_account_chart_template
account_template_201011000,2.01.01.10.00,Provisão para o Imposto de Renda,Conta correspondente ao saldo a pagar da provisão para o imposto de renda.,account.data_account_type_current_liabilities,l10n_br_account_chart_template
account_template_201011100,2.01.01.11.00,Débitos Fiscais CSLL – Diferenças Temporárias,"As companhias abertas, obrigatoriamente, deverão informar, nestas contas, o valor dos débitos fiscais com realização no exercício seguinte e das diferenças temporárias, relativos à CSLL, conforme Deliberação CVM no 273, de 20 de agosto de 1998.",account.data_account_type_current_liabilities,l10n_br_account_chart_template
account_template_201011200,2.01.01.12.00,Débitos Fiscais IRPJ – Diferenças Temporárias,"As companhias abertas, obrigatoriamente, deverão informar, nestas contas, o valor dos débitos fiscais com realização no exercício seguinte e das diferenças temporárias, relativos ao IRPJ, conforme Deliberação CVM no 273, de 20 de agosto de 1998.",account.data_account_type_current_liabilities,l10n_br_account_chart_template
account_template_201011210,2.01.01.12.10,Provisões de Natureza Fiscal,"Contas que registram, a partir de 01.01.2008, outras provisões de natureza fiscal.",account.data_account_type_current_liabilities,l10n_br_account_chart_template
account_template_201011220,2.01.01.12.20,Provisões de Natureza Trabalhista,"Contas que registram, a partir de 01.01.2008, outras provisões de natureza trabalhista.",account.data_account_type_current_liabilities,l10n_br_account_chart_template
account_template_201011230,2.01.01.12.30,Provisões de Natureza Cível,"Contas que registram, a partir de 01.01.2008, outras provisões de natureza cível.",account.data_account_type_current_liabilities,l10n_br_account_chart_template
account_template_201011240,2.01.01.12.40,Doações e Subvenções para Investimentos,"Contas que registram, a partir de 01.01.2008, as doações e subvenções para investimento, enquanto não transferidas para o resultado do exercício.",account.data_account_type_current_liabilities,l10n_br_account_chart_template
account_template_201011300,2.01.01.13.00,Outras Contas,"Contas que registram comissões a pagar ou provisionadas de retenções contratuais, de obrigações decorrentes do fornecimento ou utilização de serviços  (energia elétrica, água, telefone, propaganda, honorários profissionais de terceiros, aluguéis) e outras contas não citadas nas contas anteriores. Atenção: também são incluídas, nesta conta, as provisões para registro de obrigações, tais como as provisões para: férias, gratificações a empregados (inclusive encargos sociais a pagar e FGTS a recolher sobre tais provisões), e outras de natureza semelhante, ainda que não dedutíveis.",account.data_account_type_current_liabilities,l10n_br_account_chart_template
account_template_201019000,2.01.01.90.00,(-) Contas Retificadoras,Contas correspondentes às contas retificadoras do passivo circulante.,account.data_account_type_current_liabilities,l10n_br_account_chart_template
account_template_203,2.03,NÃO-CIRCULANTE,,account.data_account_type_current_liabilities,l10n_br_account_chart_template
account_template_20301,2.03.01,OBRIGAÇÕES A LONGO PRAZO, ,account.data_account_type_current_liabilities,l10n_br_account_chart_template
account_template_203010100,2.03.01.01.00,Fornecedores,"Contas que registram valores a pagar relativos à compra de matérias-primas, bens, insumos e mercadorias e o valor correspondente a adiantamentos de clientes, com prazo de pagamento posterior ao exercício seguinte à data do balanço.",account.data_account_type_payable,l10n_br_account_chart_template,True
account_template_203010201,2.03.01.02.01,Financiamentos a Longo Prazo - Sistema Financeiro Nacional,"Contas que registram os credores por financiamentos a longo prazo, obtidos junto ao Sistema Financeiro Nacional, encargos financeiros a transcorrer e juros a pagar de empréstimos e financiamentos. Atenção: as obrigações resultantes de operações de Arrendamento Mercantil (Leasing Financeiro) devem ser informadas na conta Financiamentos a Longo Prazo – Brasil – Outros ",account.data_account_type_current_liabilities,l10n_br_account_chart_template
account_template_203010202,2.03.01.02.02,Arrendamento Mercantil (Financeiro) a Longo Prazo - Sistema Financeiro Nacional,Contas que registram as obrigações de longo prazo relativas a arrendamento mercantil financeiro contratado junto a empresas integrantes do Sistema Financeiro Nacional,account.data_account_type_current_liabilities,l10n_br_account_chart_template
account_template_203010203,2.03.01.02.03,Financiamentos a Longo Prazo – Brasil - Outros,"Contas que registram os credores por financiamentos de longo prazo, obtidos no Brasil, encargos financeiros a transcorrer e juros a pagar de empréstimos e financiamentos.  Atenção: as obrigações resultantes de financiamentos obtidos com pessoas físicas ou outras empresas que não sejam instituições financeiras devem ser informadas nesta conta.",account.data_account_type_current_liabilities,l10n_br_account_chart_template
account_template_203010204,2.03.01.02.04,Financiamentos a Longo Prazo – Exterior,"Contas que registram os credores por financiamentos a longo prazo, obtidos no exterior, encargos financeiros a transcorrer e juros a pagar de empréstimos e financiamentos.  Atenção: as obrigações resultantes de operações de Arrendamento Mercantil (Leasing Financeiro) contratadas no exterior devem ser informadas na conta Arrendamento Mercantil (Financeiro) a Longo Prazo – Exterior ",account.data_account_type_current_liabilities,l10n_br_account_chart_template
account_template_203010205,2.03.01.02.05,Arrendamento Mercantil (Financeiro) a Longo Prazo – Exterior,Contas que registram as obrigações de longo prazo relativas a arrendamento mercantil financeiro contratado junto a empresas não sediadas no Brasil,account.data_account_type_current_liabilities,l10n_br_account_chart_template
account_template_203010300,2.03.01.03.00,Empréstimos de Sócios/Acionistas Não Administradores,Contas relativas a empréstimos concedidos à pessoa jurídica por sócios e acionistas não administradores.,account.data_account_type_current_liabilities,l10n_br_account_chart_template
account_template_203010400,2.03.01.04.00,Créditos de Pessoas Ligadas (Físicas/Jurídicas),"Contas que registram compras, adiantamentos ou empréstimos de sociedades coligadas ou controladas, diretores, acionistas ou participantes da empresa, que não constituam negócios usuais na exploração do objeto social da pessoa jurídica.",account.data_account_type_current_liabilities,l10n_br_account_chart_template
account_template_203010500,2.03.01.05.00,Provisão para o Imposto de Renda sobre Lucros Diferidos,"Conta que registra o imposto de renda sobre lucros diferidos, tais como: lucro inflacionário não realizado, contratos a longo prazo relativos a fornecimento de bens e de construção por empreitada para o poder público e suas empresas, ganho de capital oriundo de desapropriação, ganho de capital por venda de bens do ativo permanente com recebimento parcelado a longo prazo e depreciação acelerada.",account.data_account_type_current_liabilities,l10n_br_account_chart_template
account_template_203010600,2.03.01.06.00,Débitos Fiscais CSLL - Diferenças Temporárias,"As companhias abertas, obrigatoriamente, devem informar, nestas contas, o valor dos débitos fiscais com realização após o exercício seguinte e das diferenças temporárias, relativos à CSLL, conforme Deliberação CVM nº 273, de 1998",account.data_account_type_current_liabilities,l10n_br_account_chart_template
account_template_203010700,2.03.01.07.00,Débitos Fiscais IRPJ - Diferenças Temporárias,"As companhias abertas, obrigatoriamente, devem informar, nestas contas, o valor dos débitos fiscais com realização após o exercício seguinte e das diferenças temporárias, relativos ao IRPJ, conforme Deliberação CVM no 273, de 1998.",account.data_account_type_current_liabilities,l10n_br_account_chart_template
account_template_203010710,2.03.01.07.10,Outras Provisões de Natureza Fiscal,"Contas que registram, a partir de 01.01.2008, as outras provisões de natureza fiscal, enquanto não transferidas para o resultado do exercício.",account.data_account_type_current_liabilities,l10n_br_account_chart_template
account_template_203010720,2.03.01.07.20,Outras Provisões de Natureza Trabalhista,"Contas que registram, a partir de 01.01.2008, as outras provisões de natureza trabalhista, enquanto não transferidas para o resultado do exercício.",account.data_account_type_current_liabilities,l10n_br_account_chart_template
account_template_203010730,2.03.01.07.30,Outras Provisões de Natureza Cível,"Contas que registram, a partir de 01.01.2008, as outras provisões de natureza cível, enquanto não transferidas para o resultado do exercício.",account.data_account_type_current_liabilities,l10n_br_account_chart_template
account_template_203010740,2.03.01.07.40,Doações e Subvenções para Investimentos,"Contas que registram, a partir de 01.01.2008, as doações e subvenções para investimento, enquanto não transferidas para o resultado do exercício.",account.data_account_type_current_liabilities,l10n_br_account_chart_template
account_template_203010800,2.03.01.08.00,Outras Contas,"Contas que registram obrigações, não especificadas nos itens precedentes, cujo vencimento ocorrerá em período posterior ao exercício seguinte.  Atenção: não incluir, nesta conta, o valor contratado das vendas a prazo ou a prestação para recebimento após o término do ano-calendário subseqüente, no caso de atividade imobiliária, e os juros e demais receitas financeiras recebidos antecipadamente em transações financeiras. Esses valores devem ser informados em Resultados de Exercícios Futuros.",account.data_account_type_current_liabilities,l10n_br_account_chart_template
account_template_203019000,2.03.01.90.00,(-) Contas Retificadoras,Contas retificadoras do Exigível de Longo Prazo,account.data_account_type_current_liabilities,l10n_br_account_chart_template
account_template_20303,2.03.03,RECEITAS DIFERIDAS,,account.data_account_type_current_liabilities,l10n_br_account_chart_template
account_template_203030100,2.03.03.01.00,Receitas Diferidas,"Saldo remanescente da conta Resultado de Exercícios Futuros onde a pessoa jurídica que explore as atividades de compra e venda, loteamento, incorporação e construção de imóveis indicava o valor contratado das vendas a prazo ou a prestação para recebimento após o término do ano-calendário subseqüente, no caso de atividade imobiliária. Também se consideravam como receitas de exercícios futuros os juros e demais receitas financeiras recebidos antecipadamente em transações financeiras.",account.data_account_type_current_liabilities,l10n_br_account_chart_template
account_template_203030300,2.03.03.03.00,(-) Custos Correspondentes às Receitas Diferidas,Contas correspondentes aos custos e despesas de exercícios futuros correspondentes às receitas indicadas na conta precedente.,account.data_account_type_current_liabilities,l10n_br_account_chart_template
account_template_207,2.07,PATRIMÔNIO LÍQUIDO, ,account.data_account_type_current_liabilities,l10n_br_account_chart_template
account_template_20701,2.07.01,CAPITAL REALIZADO, ,account.data_account_type_current_liabilities,l10n_br_account_chart_template
account_template_207010100,2.07.01.01.00,Capital Subscrito de Domiciliados e Residentes no País,Contas correspondentes ao capital subscrito de domiciliados no País.,account.data_account_type_current_liabilities,l10n_br_account_chart_template
account_template_207010200,2.07.01.02.00,(-) Capital a Integralizar de Domiciliados e Residentes no País,Contas correspondentes ao capital social subscrito de domiciliados no País que não tenha sido integralizado.,account.data_account_type_current_liabilities,l10n_br_account_chart_template
account_template_207010300,2.07.01.03.00,Capital Subscrito de Domiciliados e Residentes no Exterior,Contas correspondentes ao capital subscrito de domiciliados no exterior.,account.data_account_type_current_liabilities,l10n_br_account_chart_template
account_template_207010400,2.07.01.04.00,(-) Capital a Integralizar de Domiciliados e Residentes no Exterior,Contas correspondentes ao capital social subscrito de domiciliados no exterior que não tenha sido integralizado.,account.data_account_type_current_liabilities,l10n_br_account_chart_template
account_template_20704,2.07.04,RESERVAS, ,account.data_account_type_current_liabilities,l10n_br_account_chart_template
account_template_207040100,2.07.04.01.00,Reservas de Capital,"Contas correspondentes às reservas constituídas pela correção monetária do capital, por incentivos fiscais, por ágio na emissão de ações, por alienação de partes beneficiárias.",account.data_account_type_current_liabilities,l10n_br_account_chart_template
account_template_207040200,2.07.04.02.00,Reservas de Reavaliação,"Contas correspondentes aos saldos dos reservas de reavaliação ainda não realizadas, decorrentes de reavaliação de ativos próprios e de ativos de coligadas e controladas, estes avaliados pelo método da equivalência patrimonial.",account.data_account_type_current_liabilities,l10n_br_account_chart_template
account_template_207040300,2.07.04.03.00,Reservas de Lucros,"Contas correspondentes às reservas constituídas pela destinação de lucros da empresa, tais como: reserva legal, reservas estatutárias, reserva para contingências, reserva de lucros a realizar, reserva de lucros para expansão, reserva especial para dividendo obrigatório não distribuído e reserva de exaustão incentivada de recursos minerais.",account.data_account_type_current_liabilities,l10n_br_account_chart_template
account_template_207040301,2.07.04.03.01,Reservas de Lucros - Doações e Subvenções para Investimentos,"Contas que registram, a partir de 01.01.2008, as doações e subvenções para investimento",account.data_account_type_current_liabilities,l10n_br_account_chart_template
account_template_207040302,2.07.04.03.02,Reservas de Lucros - Prêmio na Emissão de Debêntures,"Contas que registram, a partir de 01.01.2008, os prêmios na emissão de debêntures",account.data_account_type_current_liabilities,l10n_br_account_chart_template
account_template_207040400,2.07.04.04.00,"Reserva para Aumento de Capital (Lei no 9.249/1995, art. 9o, § 9o)","Conta correspondente à reserva constituída em 1996 com o montante dos juros sobre o capital próprio deduzidos como despesa financeira, mas mantidos no patrimônio da empresa, caso esta tenha optado pela faculdade prevista no § 9o do art. 9o da Lei no 9.249, de 1995.",account.data_account_type_current_liabilities,l10n_br_account_chart_template
account_template_207040500,2.07.04.05.00,Outras Reservas,"Contas correspondentes às demais reservas não consignadas nos itens anteriores, tais como o saldo devedor ou credor da conta de correção monetária correspondente à diferença, em relação ao ano de 1990, entre o IPC e o BTN Fiscal e o saldo da correção especial das contas do ativo permanente efetuada com base nos arts. 33 e 44 do Decreto no 332, de 1991.",account.data_account_type_current_liabilities,l10n_br_account_chart_template
account_template_20705,2.07.05,AJUSTES DE AVALIAÇÃO PATRIMONIAL,,account.data_account_type_current_liabilities,l10n_br_account_chart_template
account_template_207050100,2.07.05.01.00,Ajustes às Normas Internacionais de Contabilidade,"Contrapartidas de aumentos ou diminuições de valor atribuídos a elementos do ativo e do account.data_account_type_current_assets, em decorrência da sua avaliação a valor justo, nos casos previstos nesta Lei ou, em normas expedidas pela Comissão de Valores Mobiliários, com base na competência conferida pelo § 3o do art. 177 da Lei 6.404/76 (enquanto não computadas no resultado do exercício em obediência ao regime de competência,)
",account.data_account_type_current_liabilities,l10n_br_account_chart_template
account_template_207050101,2.07.05.01.01,(-) Ajustes às Normas Internacionais de Contabilidade,"Contrapartidas de aumentos ou diminuições de valor atribuídos a elementos do ativo e do passivo, em decorrência da sua avaliação a valor justo, nos casos previstos nesta Lei ou, em normas expedidas pela Comissão de Valores Mobiliários, com base na competência conferida pelo § 3o do art. 177 da Lei 6.404/76 (enquanto não computadas no resultado do exercício em obediência ao regime de competência,)
",account.data_account_type_current_liabilities,l10n_br_account_chart_template
account_template_20707,2.07.07,OUTRAS CONTAS, ,account.data_account_type_current_liabilities,l10n_br_account_chart_template
account_template_207070100,2.07.07.01.00,Lucros Acumulados e/ou Saldo à Disposição da Assembléia,Contas correspondentes aos lucros acumulados ou do saldo à disposição da assembléia.,account.data_account_type_current_liabilities,l10n_br_account_chart_template
account_template_207070200,2.07.07.02.00,(-) Prejuízos Acumulados,Contas correspondentes aos prejuízos acumulados.,account.data_account_type_current_liabilities,l10n_br_account_chart_template
account_template_207070300,2.07.07.03.00,(-) Ações em Tesouraria,Contas que registrem as aquisições de ações da própria empresa.,account.data_account_type_current_liabilities,l10n_br_account_chart_template
account_template_207070400,2.07.07.04.00,Outras,"Outras contas classificáveis no patrimônio líquido que não tenham correspondência nas contas Lucros Acumulados e/ou Saldo à Disposição da Assembléia, Prejuízos Acumulados, Ações em Tesouraria.",account.data_account_type_current_liabilities,l10n_br_account_chart_template
account_template_208,2.08,PATRIMÔNIO SOCIAL, ,account.data_account_type_current_liabilities,l10n_br_account_chart_template
account_template_20801,2.08.01,FUNDO PATRIMONIAL, ,account.data_account_type_current_liabilities,l10n_br_account_chart_template
account_template_208010100,2.08.01.01.00,Fundo Patrimonial,"Contas que registrem, nas instituições imunes ou isentas, o Fundo Patrimonial.",account.data_account_type_current_liabilities,l10n_br_account_chart_template
account_template_20804,2.08.04,RESERVAS, ,account.data_account_type_current_liabilities,l10n_br_account_chart_template
account_template_208040100,2.08.04.01.00,Reservas Patrimoniais,"Contas correspondentes, nas instituições imunes ou isentas, às reservas patrimoniais.",account.data_account_type_current_liabilities,l10n_br_account_chart_template
account_template_208040200,2.08.04.02.00,Reservas Estatutárias,"Contas correspondentes, nas instituições imunes ou isentas, às reservas estatutárias.",account.data_account_type_current_liabilities,l10n_br_account_chart_template
account_template_20807,2.08.07,OUTRAS CONTAS, ,account.data_account_type_current_liabilities,l10n_br_account_chart_template
account_template_208070100,2.08.07.01.00,Superávits Acumulados,"Contas correspondentes, nas instituições imunes ou isentas, aos superávits acumulados.",account.data_account_type_current_liabilities,l10n_br_account_chart_template
account_template_208070200,2.08.07.02.00,Déficits Acumulados,"Contas correspondentes, nas instituições imunes ou isentas, aos déficits acumulados.",account.data_account_type_current_liabilities,l10n_br_account_chart_template
account_template_3010103010000,3.01.01.03.01.00.00,Custo dos Produtos de Fabricação Própria Vendidos, ,account.data_account_type_expenses,l10n_br_account_chart_template
account_template_3010101010200,3.01.01.01.01.02.00,Receita da Venda no Mercado Interno de Produtos de Fabricação Própria,"Contas que registram a receita auferida no mercado interno correspondente à venda de produtos de fabricação própria e as receitas auferidas na industrialização por encomenda ou por conta e ordem de terceiros. (Não se incluem o valor correspondente ao Imposto sobre Produtos Industrializados (IPI) cobrado destacadamente do comprador ou contratante, uma vez que o vendedor é mero depositário e este imposto não integra o preço de venda da mercadoria, e, também, o valor correspondente ao ICMS cobrado na condição de substituto.)",account.data_account_type_revenue,l10n_br_account_chart_template
account_template_5,5,CUSTOS DE PRODUÇÃO,,account.data_account_type_expenses,l10n_br_account_chart_template
account_template_501,5.01,CUSTO DOS BENS E SERVIÇOS PRODUZIDOS, ,account.data_account_type_expenses,l10n_br_account_chart_template
account_template_50101,5.01.01,CUSTO DOS PRODUTOS DE FABRICAÇÃO PRÓPRIA PRODUZIDOS, ,account.data_account_type_expenses,l10n_br_account_chart_template
account_template_501010100,5.01.01.01.00,Consumo de Insumos,"Contas que registram o consumo, durante o período de apuração, de matéria-prima, material direto e material de embalagem, no mercado interno e externo, para utilização no processo produtivo, os valores referentes aos custos com transporte e seguro até o estabelecimento do contribuinte, os tributos não recuperáveis devidos na importação e o custo relativo ao desembaraço aduaneiro.",account.data_account_type_expenses,l10n_br_account_chart_template
account_template_501010400,5.01.01.04.00,Remuneração a Dirigentes de Ligados à Produção,"Contas que registram:
a) a remuneração mensal e fixa dos dirigentes diretamente ligados à produção, pelo valor total do custo incorrido no período de apuração, exceto os encargos sociais (Previdência Social e FGTS) que são informados em conta distinta;
b) o valor relativo aos custos incorridos com salários indiretos concedidos pela empresa a administradores, diretores, gerentes e seus assessores, se ligados diretamente à produção (PN Cosit nº 11, de 30 de setembro de 1992). 
Atenção: deve ser incluído nesta conta o valor das gratificações dos dirigentes ligados à produção, inclusive o 13º salário.",account.data_account_type_expenses,l10n_br_account_chart_template
account_template_501010500,5.01.01.05.00,Custo do Pessoal Aplicado na Produção,"Contas que representem do custo com ordenados, salários e outros custos com empregados ligados à produção da empresa, tais como: moradia, seguro de vida e outras de caráter remuneratório. Inclusive os custos com supervisão direta, manutenção e guarda das instalações, decorrentes de vínculo empregatício com a pessoa jurídica.",account.data_account_type_expenses,l10n_br_account_chart_template
account_template_501010503,5.01.01.05.03,Planos de Poupança e Investimentos de Empregados Ligados à Produção,"Contas que registram o valor total dos gastos efetuados com Planos de Poupança e Investimentos (PAIT), relativos ao pessoal ligado à produção",account.data_account_type_expenses,l10n_br_account_chart_template
account_template_501010505,5.01.01.05.05,Fundo de Aposentadoria Programada Individual de Empregados Ligados à Produção,"Contas que registram o valor total dos gastos efetuados com Fundos de Aposentadoria Programada Individual (FAPI), relativos ao pessoal ligado à produção",account.data_account_type_expenses,l10n_br_account_chart_template
account_template_501010507,5.01.01.05.07,Plano de Previdência Privada de Empregados Ligados à Produção,"Contas que registram o valor total dos gastos efetuados com Planos de Previdência Privada, relativos ao pessoal ligado à produção.",account.data_account_type_expenses,l10n_br_account_chart_template
account_template_501010509,5.01.01.05.09,Outros Gastos com Pessoal Ligado à Produção,"Contas que registram os gastos com empregados, computados nos custos, não enquadrados nas contas precedentes.
Atenção:  não deve ser informado nesta conta o valor referente às participações dos empregados no lucro da pessoa jurídica. Esse valor deve ser informado na conta Participações de Empregados.",account.data_account_type_expenses,l10n_br_account_chart_template
account_template_501010600,5.01.01.06.00,Prestação de Serviços por Pessoa Física sem Vínculo Empregatício,"Contas que registram, salvo se houver conta mais específica, os gastos correspondentes aos serviços prestados por pessoa física que não tenha vínculo empregatício com a pessoa jurídica, tais como: comissões, corretagens, gratificações, honorários, direitos autorais e outras remunerações, inclusive as relativas a empreitadas de obras exclusivamente de trabalho e as decorrentes de fretes e carretos em gera, computadas nos custos.",account.data_account_type_expenses,l10n_br_account_chart_template
account_template_501010700,5.01.01.07.00,Prestação de Serviço Pessoa Jurídica,"Contas que registram, salvo se houver conta mais específica, o valor dos gastos correspondentes aos serviços prestados por outra pessoa jurídica à pessoa jurídica declarante, computados nos custos",account.data_account_type_expenses,l10n_br_account_chart_template
account_template_501010800,5.01.01.08.00,Serviços Prestados por Cooperativa de Trabalho,Contas que registram os serviços prestados por cooperativa de trabalho,account.data_account_type_expenses,l10n_br_account_chart_template
account_template_501010900,5.01.01.09.00,Locação de Mão-de-obra,"Contas que registram o valor total dos gastos efetuados no período com a contratação de serviços executados mediante cessão de mão-de-obra ou empreitada, inclusive em regime temporário, sujeitos à retenção de contribuição previdenciária, nos termos do art. 219 do Regulamento da Previdência Social - RPS, aprovado pelo Decreto nº 3.048, de 1999",account.data_account_type_expenses,l10n_br_account_chart_template
account_template_501011000,5.01.01.10.00,Encargos Sociais – Previdência Social,"Contas que registram as contribuições para a Previdência Social (inclusive dos dirigentes de indústria - PN CST no 35, de 31 de agosto de 1981), relativas ao pessoal ligado diretamente à produção.",account.data_account_type_expenses,l10n_br_account_chart_template
account_template_501011100,5.01.01.11.00,Encargos Sociais – FGTS,"Contas que registram as contribuições para o FGTS (inclusive dos dirigentes de indústria - PN CST no 35, de 31 de agosto de 1981), relativas ao pessoal ligado diretamente à produção.",account.data_account_type_expenses,l10n_br_account_chart_template
account_template_501011200,5.01.01.12.00,Encargos Sociais – Outros,"Contas que registram encargos sociais, relativos ao pessoal ligado diretamente à produção, não classificados nas contas Encargos Sociais – Previdência Social ou Encargos Sociais – FGTS.",account.data_account_type_expenses,l10n_br_account_chart_template
account_template_501011300,5.01.01.13.00,Alimentação do Trabalhador,"Contas que registram os custos com alimentação do pessoal ligado diretamente à produção, realizados durante o período de apuração, ainda que a pessoa jurídica não tenha Programa de Alimentação do Trabalhador aprovado pelo Ministério do Trabalho.",account.data_account_type_expenses,l10n_br_account_chart_template
account_template_501011400,5.01.01.14.00,Manutenção e Reparo de Bens Aplicados na Produção,Contas que representam somente os custos realizados com reparos que não implicaram aumento superior a um ano da vida útil prevista no ato da aquisição do bem.,account.data_account_type_expenses,l10n_br_account_chart_template
account_template_501011500,5.01.01.15.00,Arrendamento Mercantil,"Contas que representam o valor do custo incorrido a título de contraprestação de arrendamento mercantil de bens alocados na produção, segundo contratos celebrados com observância da Lei nº 6.099, de 12 de setembro de 1974, com as alterações da Lei nº 7.132, de 26 de outubro de 1983. Os custos com aluguel de outros bens alocados à produção, mediante contrato diferente do de arrendamento mercantil, devem ser indicados em ""Outros Custos"". Os valores referentes a bens que não sejam intrinsecamente relacionados com a produção devem ser informados na conta Arrendamento Mercantil do grupo DESPESAS OPERACIONAIS DAS ATIVIDADES EM GERAL",account.data_account_type_expenses,l10n_br_account_chart_template
account_template_501011600,5.01.01.16.00,"Encargos de Depreciação, Amortização e Exaustão",Contas que registram os encargos a esses títulos com bens aplicados diretamente na produção. Os encargos que não forem decorrentes de bens intrinsecamente relacionados com a produção devem ser informados na conta Encargos de Depreciação e Amortização do grupo DESPESAS OPERACIONAIS DAS ATIVIDADES EM GERAL.,account.data_account_type_expenses,l10n_br_account_chart_template
account_template_501011700,5.01.01.17.00,Constituição de Provisões,Contas que registram os encargos com a constituição de provisões que devam ser imputados aos custos de produção da empresa no período de apuração.,account.data_account_type_expenses,l10n_br_account_chart_template
account_template_501011800,5.01.01.18.00,Serviços Prestados por Pessoa Física sem Vínculo Empregatício,"Contas que registram, salvo se houver conta mais específica neste plano referencial, os custos correspondentes aos serviços prestados à pessoa jurídica por pessoa física sem vínculo empregatício, relacionados com a atividade industrial da pessoa jurídica .",account.data_account_type_expenses,l10n_br_account_chart_template
account_template_501011900,5.01.01.19.00,Serviços Prestados Pessoa Jurídica,"Contas que registram, salvo se houver conta mais específica neste plano referencial, os custos correspondentes aos serviços prestados por pessoa jurídica, relacionados com atividade industrial da pessoa jurídica declarante.",account.data_account_type_expenses,l10n_br_account_chart_template
account_template_501012000,5.01.01.20.00,Royalties e Assistência Técnica – PAÍS,"Contas que registram  as importâncias pagas a beneficiário pessoa física ou jurídica, residente ou domiciliado no Brasil, a título de royalties e assistência técnica, científica ou assemelhada, que estejam relacionadas com a atividade industrial.",account.data_account_type_expenses,l10n_br_account_chart_template
account_template_501012100,5.01.01.21.00,Royalties e Assistência Técnica – EXTERIOR,"Contas que registram as importâncias pagas a beneficiário pessoa física ou jurídica, residente ou domiciliado no exterior, a título de royalties e assistência técnica, científica ou assemelhada, que estejam relacionadas com a atividade industrial.",account.data_account_type_expenses,l10n_br_account_chart_template
account_template_501019000,5.01.01.90.00,Outros Custos,"Contas que representam os demais custos da empresa no processo de produção, para os quais não haja conta maIs específica ou cujas classificações contábeis não se adaptem à nomenclatura específica, tais como: custo referente ao valor de bens de consumo eventual; as quebras ou perdas de estoque, e as ocorridas na fabricação, no transporte e manuseio.",account.data_account_type_expenses,l10n_br_account_chart_template
account_template_50103,5.01.03,CUSTO DOS SERVIÇOS PRODUZIDOS,,account.data_account_type_expenses,l10n_br_account_chart_template
account_template_501030200,5.01.03.02.00,Material Aplicado na Produção de Serviços,Contas correspondentes aos materiais aplicados diretamente na produção de serviços dos serviços durante o período de apuração.,account.data_account_type_expenses,l10n_br_account_chart_template
account_template_501030400,5.01.03.04.00,Remuneração a Dirigentes ligados à Produção de Serviços,"Contas que registram:
a) a remuneração mensal e fixa dos dirigentes diretamente ligados à produção de serviços, pelo valor total do custo incorrido no período de apuração, exceto os encargos sociais (Previdência Social e FGTS) que são informados em conta distinta;
b) o valor relativo aos custos incorridos com salários indiretos concedidos pela empresa a administradores, diretores, gerentes e seus assessores, se ligados diretamente à produção de serviços (PN Cosit nº 11, de 30 de setembro de 1992).
Atenção: deve ser incluído nesta conta o valor das gratificações dos dirigentes ligados à produção de serviços, inclusive o 13º salário.",account.data_account_type_expenses,l10n_br_account_chart_template
account_template_501030500,5.01.03.05.00,Custo do Pessoal Aplicado na Produção de Serviços,"Contas que representem do custo com ordenados, salários e outros custos com empregados ligados à produção de serviços da empresa, tais como: moradia, seguro de vida e outras de caráter remuneratório. Inclusive os custos com supervisão direta, manutenção e guarda das instalações, decorrentes de vínculo empregatício com a pessoa jurídica.",account.data_account_type_expenses,l10n_br_account_chart_template
account_template_501030503,5.01.03.05.03,Planos de Poupança e Investimentos de Empregados Ligados à Produção de Serviços,"Contas que registram o valor total dos gastos efetuados com Planos de Poupança e Investimentos (PAIT), relativos ao pessoal ligado à produção de serviços",account.data_account_type_expenses,l10n_br_account_chart_template
account_template_501030505,5.01.03.05.05,Fundo de Aposentadoria Programada Individual de Empregados Ligados à Produção de Serviços,"Contas que registram o valor total dos gastos efetuados com Fundos de Aposentadoria Programada Individual (FAPI), relativos ao pessoal ligado à produção de serviços",account.data_account_type_expenses,l10n_br_account_chart_template
account_template_501030507,5.01.03.05.07,Plano de Previdência Privada de Empregados Ligados à Produção de Serviços,"Contas que registram o valor total dos gastos efetuados com Planos de Previdência Privada, relativos ao pessoal ligado à produção de serviços.",account.data_account_type_expenses,l10n_br_account_chart_template
account_template_501030509,5.01.03.05.09,Outros Gastos com Pessoal Ligado à Produção de Serviços,"Contas que registram os gastos com empregados, computados nos custos, não enquadrados nas contas precedentes
Atenção:  não deve ser informado nesta conta o valor referente às participações dos empregados no lucro da pessoa jurídica. Esse valor deve ser informado na conta Participações de Empregados.",account.data_account_type_expenses,l10n_br_account_chart_template
account_template_501030600,5.01.03.06.00,Prestação de Serviços por Pessoa Física sem Vínculo Empregatício,"Contas que registram, salvo se houver conta mais específica, os gastos correspondentes aos serviços prestados por pessoa física que não tenha vínculo empregatício com a pessoa jurídica, tais como: comissões, corretagens, gratificações, honorários, direitos autorais e outras remunerações, inclusive as relativas a empreitadas de obras exclusivamente de trabalho e as decorrentes de fretes e carretos em gera, computadas nos custos.",account.data_account_type_expenses,l10n_br_account_chart_template
account_template_501030700,5.01.03.07.00,Prestação de Serviço Pessoa Jurídica,"Contas que registram, salvo se houver conta mais específica, o valor dos gastos correspondentes aos serviços prestados por outra pessoa jurídica à pessoa jurídica declarante, computados nos custos",account.data_account_type_expenses,l10n_br_account_chart_template
account_template_501030800,5.01.03.08.00,Serviços Prestados por Cooperativa de Trabalho,Contas que registram os serviços prestados por cooperativa de trabalho,account.data_account_type_expenses,l10n_br_account_chart_template
account_template_501030900,5.01.03.09.00,Locação de Mão-de-obra,"Contas que registram o valor total dos gastos efetuados no período com a contratação de serviços executados mediante cessão de mão-de-obra ou empreitada, inclusive em regime temporário, sujeitos à retenção de contribuição previdenciária, nos termos do art. 219 do Regulamento da Previdência Social - RPS, aprovado pelo Decreto nº 3.048, de 1999",account.data_account_type_expenses,l10n_br_account_chart_template
account_template_501031000,5.01.03.10.00,Encargos Sociais – Previdência Social,"Contas que registram as contribuições para a Previdência Social (inclusive dos dirigentes de indústria - PN CST no 35, de 31 de agosto de 1981), relativas ao pessoal ligado diretamente à produção de serviços.",account.data_account_type_expenses,l10n_br_account_chart_template
account_template_501031100,5.01.03.11.00,Encargos Sociais – FGTS,"Contas que registram as contribuições para o FGTS (inclusive dos dirigentes de indústria – PN CST no 35, de 31 de agosto de 1981), relativas ao pessoal ligado diretamente à produção de serviços.",account.data_account_type_expenses,l10n_br_account_chart_template
account_template_501031200,5.01.03.12.00,Encargos Sociais – Outros,"Contas que registram encargos sociais, relativos ao pessoal ligado diretamente à produção de serviços, não classificados nas contas Encargos Sociais - Previdência Social ou Encargos Sociais - FGTS.",account.data_account_type_expenses,l10n_br_account_chart_template
account_template_501031300,5.01.03.13.00,Alimentação do Trabalhador,"Contas que registram os custos com alimentação do pessoal ligado diretamente à produção de serviços, realizados durante o período de apuração, ainda que a pessoa jurídica não tenha Programa de Alimentação do Trabalhador aprovado pelo Ministério do Trabalho.",account.data_account_type_expenses,l10n_br_account_chart_template
account_template_501031400,5.01.03.14.00,Manutenção e Reparo de Bens Aplicados na Produção de Serviços,Contas que representam somente os custos realizados com reparos que não implicaram aumento superior a um ano da vida útil prevista no ato da aquisição do bem.,account.data_account_type_expenses,l10n_br_account_chart_template
account_template_501031500,5.01.03.15.00,Arrendamento Mercantil,"Contas que representam o valor do custo incorrido a título de contraprestação de arrendamento mercantil de bens alocados na produção de serviços, segundo contratos celebrados com observância da Lei nº 6.099, de 12 de setembro de 1974, com as alterações da Lei nº 7.132, de 26 de outubro de 1983. Os custos com aluguel de outros bens alocados à produção de serviços, mediante contrato diferente do de arrendamento mercantil, devem ser indicados em ""Outros Custos"". Os valores referentes a bens que não sejam intrinsecamente relacionados com a produção de serviços devem ser informados na conta Arrendamento Mercantil do grupo DESPESAS OPERACIONAIS DAS ATIVIDADES EM GERAL.",account.data_account_type_expenses,l10n_br_account_chart_template
account_template_501031600,5.01.03.16.00,"Encargos de Depreciação, Amortização e Exaustão",Contas que registram os encargos a esses títulos com bens aplicados diretamente na produção de serviços. Os encargos que não forem decorrentes de bens intrinsecamente relacionados com a produção de serviços devem ser informados na conta Encargos de Depreciação e Amortização do grupo DESPESAS OPERACIONAIS DAS ATIVIDADES EM GERAL.,account.data_account_type_expenses,l10n_br_account_chart_template
account_template_501031700,5.01.03.17.00,Constituição de Provisões,Contas que registram os encargos com a constituição de provisões que devam ser imputados aos custos de produção de serviços da empresa no período de apuração.,account.data_account_type_expenses,l10n_br_account_chart_template
account_template_501031800,5.01.03.18.00,Serviços Prestados por Pessoa Física sem Vínculo Empregatício,"Contas que registram, salvo se houver conta mais específica neste plano referencial, os custos correspondentes aos serviços prestados à pessoa jurídica por pessoa física sem vínculo empregatício, relacionados com a atividade industrial da pessoa jurídica .",account.data_account_type_expenses,l10n_br_account_chart_template
account_template_501031900,5.01.03.19.00,Serviços Prestados Pessoa Jurídica,"Contas que registram, salvo se houver conta mais específica neste plano referencial, os custos correspondentes aos serviços prestados por pessoa jurídica, relacionados com atividade industrial da pessoa jurídica declarante.",account.data_account_type_expenses,l10n_br_account_chart_template
account_template_501032000,5.01.03.20.00,Royalties e Assistência Técnica – PAÍS,"Contas que registram as importâncias pagas a beneficiário pessoa física ou jurídica, residente ou domiciliado no Brasil, a título de royalties e assistência técnica, científica ou assemelhada, que estejam relacionadas com a atividade industrial.",account.data_account_type_expenses,l10n_br_account_chart_template
account_template_501032100,5.01.03.21.00,Royalties e Assistência Técnica – EXTERIOR,"Contas que registram as importâncias pagas a beneficiário pessoa física ou jurídica, residente ou domiciliado no exterior, a título de royalties e assistência técnica, científica ou assemelhada, que estejam relacionadas com a atividade industrial.",account.data_account_type_expenses,l10n_br_account_chart_template
account_template_501039000,5.01.03.90.00,Outros Custos,"Contas que representam os demais custos da empresa no processo de produção de serviços, para os quais não haja conta mais específica ou cujas classificações contábeis não se adaptem à nomenclatura específica, tais como: custo referente ao valor de bens de consumo eventual; as quebras ou perdas de estoque, e as ocorridas na fabricação, no transporte e manuseio.",account.data_account_type_expenses,l10n_br_account_chart_template
account_template_50105,5.01.05,CUSTO DOS PRODUTOS DE FABRICAÇÃO PRÓPRIA PRODUZIDOS DA ATIVIDADE RURAL, ,account.data_account_type_expenses,l10n_br_account_chart_template
account_template_501050100,5.01.05.01.00,Consumo de Insumos,"Contas que registram o consumo, durante o período de apuração, de matéria-prima, material secundário e material de embalagem, no mercado interno e externo, para utilização no processo produtivo, os valores referentes aos custos com transporte e seguro até o estabelecimento do contribuinte, os tributos não recuperáveis devidos na importação e o custo relativo ao desembaraço aduaneiro.",account.data_account_type_expenses,l10n_br_account_chart_template
account_template_501050400,5.01.05.04.00,Remuneração a Dirigentes de Ligados à Produção,"Contas que registram:
a) a remuneração mensal e fixa dos dirigentes diretamente ligados à produção, pelo valor total do custo incorrido no período de apuração, exceto os encargos sociais (Previdência Social e FGTS) que são informados em conta distinta;
b) o valor relativo aos custos incorridos com salários indiretos concedidos pela empresa a administradores, diretores, gerentes e seus assessores, se ligados diretamente à produção (PN Cosit nº 11, de 30 de setembro de 1992). 
Atenção: deve ser incluído nesta conta o valor das gratificações dos dirigentes ligados à produção, inclusive o 13º salário.",account.data_account_type_expenses,l10n_br_account_chart_template
account_template_501050500,5.01.05.05.00,Custo do Pessoal Aplicado na Produção,"Contas que representem do custo com ordenados, salários e outros custos com empregados ligados à produção da empresa, tais como: moradia, seguro de vida e outras de caráter remuneratório. Inclusive os custos com supervisão direta, manutenção e guarda das instalações, decorrentes de vínculo empregatício com a pessoa jurídica.",account.data_account_type_expenses,l10n_br_account_chart_template
account_template_501050503,5.01.05.05.03,Planos de Poupança e Investimentos de Empregados Ligados à Produção,"Contas que registram o valor total dos gastos efetuados com Planos de Poupança e Investimentos (PAIT), relativos ao pessoal ligado à produção",account.data_account_type_expenses,l10n_br_account_chart_template
account_template_501050505,5.01.05.05.05,Fundo de Aposentadoria Programada Individual de Empregados Ligados à Produção,"Contas que registram o valor total dos gastos efetuados com Fundos de Aposentadoria Programada Individual (FAPI), relativos ao pessoal ligado à produção",account.data_account_type_expenses,l10n_br_account_chart_template
account_template_501050507,5.01.05.05.07,Plano de Previdência Privada de Empregados Ligados à Produção,"Contas que registram o valor total dos gastos efetuados com Planos de Previdência Privada, relativos ao pessoal ligado à produção.",account.data_account_type_expenses,l10n_br_account_chart_template
account_template_501050509,5.01.05.05.09,Outros Gastos com Pessoal Ligado à Produção,"Contas que registram os gastos com empregados, computados nos custos, não enquadrados nas contas precedentes.
Atenção:  não deve ser informado nesta conta o valor referente às participações dos empregados no lucro da pessoa jurídica. Esse valor deve ser informado na conta Participações de Empregados.",account.data_account_type_expenses,l10n_br_account_chart_template
account_template_501050600,5.01.05.06.00,Prestação de Serviços por Pessoa Física sem Vínculo Empregatício,"Contas que registram, salvo se houver conta mais específica, os gastos correspondentes aos serviços prestados por pessoa física que não tenha vínculo empregatício com a pessoa jurídica, tais como: comissões, corretagens, gratificações, honorários, direitos autorais e outras remunerações, inclusive as relativas a empreitadas de obras exclusivamente de trabalho e as decorrentes de fretes e carretos em gera, computadas nos custos.",account.data_account_type_expenses,l10n_br_account_chart_template
account_template_501050700,5.01.05.07.00,Prestação de Serviço Pessoa Jurídica,"Contas que registram, salvo se houver conta mais específica, o valor dos gastos correspondentes aos serviços prestados por outra pessoa jurídica à pessoa jurídica declarante, computados nos custos",account.data_account_type_expenses,l10n_br_account_chart_template
account_template_501050800,5.01.05.08.00,Serviços Prestados por Cooperativa de Trabalho,Contas que registram os serviços prestados por cooperativa de trabalho,account.data_account_type_expenses,l10n_br_account_chart_template
account_template_501050900,5.01.05.09.00,Locação de Mão-de-obra,"Contas que registram o valor total dos gastos efetuados no período com a contratação de serviços executados mediante cessão de mão-de-obra ou empreitada, inclusive em regime temporário, sujeitos à retenção de contribuição previdenciária, nos termos do art. 219 do Regulamento da Previdência Social - RPS, aprovado pelo Decreto nº 3.048, de 1999",account.data_account_type_expenses,l10n_br_account_chart_template
account_template_501051000,5.01.05.10.00,Encargos Sociais – Previdência Social,"Contas que registram as contribuições para a Previdência Social (inclusive dos dirigentes de indústria - PN CST no 35, de 31 de agosto de 1981), relativas ao pessoal ligado diretamente à produção.",account.data_account_type_expenses,l10n_br_account_chart_template
account_template_501051100,5.01.05.11.00,Encargos Sociais – FGTS,"Contas que registram as contribuições para o FGTS (inclusive dos dirigentes de indústria - PN CST no 35, de 31 de agosto de 1981), relativas ao pessoal ligado diretamente à produção.",account.data_account_type_expenses,l10n_br_account_chart_template
account_template_501051200,5.01.05.12.00,Encargos Sociais – Outros,"Contas que registram encargos sociais, relativos ao pessoal ligado diretamente à produção, não classificados nas contas Encargos Sociais – Previdência Social ou Encargos Sociais – FGTS.",account.data_account_type_expenses,l10n_br_account_chart_template
account_template_501051300,5.01.05.13.00,Alimentação do Trabalhador,"Contas que registram os custos com alimentação do pessoal ligado diretamente à produção, realizados durante o período de apuração, ainda que a pessoa jurídica não tenha Programa de Alimentação do Trabalhador aprovado pelo Ministério do Trabalho.",account.data_account_type_expenses,l10n_br_account_chart_template
account_template_501051400,5.01.05.14.00,Manutenção e Reparo de Bens Aplicados na Produção,Contas que representam somente os custos realizados com reparos que não implicaram aumento superior a um ano da vida útil prevista no ato da aquisição do bem.,account.data_account_type_expenses,l10n_br_account_chart_template
account_template_501051500,5.01.05.15.00,Arrendamento Mercantil,"Contas que representam o valor do custo incorrido a título de contraprestação de arrendamento mercantil de bens alocados na produção, segundo contratos celebrados com observância da Lei nº 6.099, de 12 de setembro de 1974, com as alterações da Lei nº 7.132, de 26 de outubro de 1983. Os custos com aluguel de outros bens alocados à produção, mediante contrato diferente do de arrendamento mercantil, devem ser indicados em ""Outros Custos"". Os valores referentes a bens que não sejam intrinsecamente relacionados com a produção devem ser informados na conta Arrendamento Mercantil do grupo DESPESAS OPERACIONAIS DA ATIVIDADE RURAL.",account.data_account_type_expenses,l10n_br_account_chart_template
account_template_501051600,5.01.05.16.00,"Encargos de Depreciação, Amortização e Exaustão",Contas que registram os encargos a esses títulos com bens aplicados diretamente na produção. Os encargos que não forem decorrentes de bens intrinsecamente relacionados com a produção devem ser informados na conta Encargos de Depreciação e Amortização do grupo DESPESAS OPERACIONAIS DA ATIVIDADE RURAL.,account.data_account_type_expenses,l10n_br_account_chart_template
account_template_501051700,5.01.05.17.00,Constituição de Provisões,Contas que registram os encargos com a constituição de provisões que devam ser imputados aos custos de produção da empresa no período de apuração.,account.data_account_type_expenses,l10n_br_account_chart_template
account_template_501051800,5.01.05.18.00,Serviços Prestados por Pessoa Física sem Vínculo Empregatício,"Contas que registram, salvo se houver conta mais específica neste plano referencial, os custos correspondentes aos serviços prestados à pessoa jurídica por pessoa física sem vínculo empregatício, relacionados com a atividade industrial da pessoa jurídica .",account.data_account_type_expenses,l10n_br_account_chart_template
account_template_501051900,5.01.05.19.00,Serviços Prestados Pessoa Jurídica,"Contas que registram, salvo se houver conta mais específica neste plano referencial, os custos correspondentes aos serviços prestados por pessoa jurídica, relacionados com atividade industrial da pessoa jurídica declarante.",account.data_account_type_expenses,l10n_br_account_chart_template
account_template_501052000,5.01.05.20.00,Royalties e Assistência Técnica – PAÍS,"Contas que registram  as importâncias pagas a beneficiário pessoa física ou jurídica, residente ou domiciliado no Brasil, a título de royalties e assistência técnica, científica ou assemelhada, que estejam relacionadas com a atividade industrial.",account.data_account_type_expenses,l10n_br_account_chart_template
account_template_501052100,5.01.05.21.00,Royalties e Assistência Técnica – EXTERIOR,"Contas que registram as importâncias pagas a beneficiário pessoa física ou jurídica, residente ou domiciliado no exterior, a título de royalties e assistência técnica, científica ou assemelhada, que estejam relacionadas com a atividade industrial.",account.data_account_type_expenses,l10n_br_account_chart_template
account_template_501059000,5.01.05.90.00,Outros Custos,"Contas que representam os demais custos da empresa no processo de produção, para os quais não haja conta maIs específica ou cujas classificações contábeis não se adaptem à nomenclatura específica, tais como: custo referente ao valor de bens de consumo eventual; as quebras ou perdas de estoque, e as ocorridas na fabricação, no transporte e manuseio.",account.data_account_type_expenses,l10n_br_account_chart_template
